Coin,Session,Bucket_A,Bucket_B,N_A,N_B,WR_A,WR_B,CI_Overlap,Verdict
DYDXUSDT,REAL_CBDR,1-1.5%,1.5-2%,279,444,48.0%,54.3%,Evet,FARK YOK
DYDXUSDT,REAL_CBDR,1-1.5%,2-3%,279,766,48.0%,53.9%,Evet,FARK YOK
DYDXUSDT,REAL_CBDR,1-1.5%,3-5%,279,674,48.0%,56.4%,Evet,FARK YOK
DYDXUSDT,REAL_CBDR,1-1.5%,>5%,279,239,48.0%,57.7%,Evet,FARK YOK
DYDXUSDT,REAL_CBDR,1.5-2%,2-3%,444,766,54.3%,53.9%,Evet,FARK YOK
DYDXUSDT,REAL_CBDR,1.5-2%,3-5%,444,674,54.3%,56.4%,Evet,FARK YOK
DYDXUSDT,REAL_CBDR,1.5-2%,>5%,444,239,54.3%,57.7%,Evet,FARK YOK
DYDXUSDT,REAL_CBDR,2-3%,3-5%,766,674,53.9%,56.4%,Evet,FARK YOK
DYDXUSDT,REAL_CBDR,2-3%,>5%,766,239,53.9%,57.7%,Evet,FARK YOK
DYDXUSDT,REAL_CBDR,3-5%,>5%,674,239,56.4%,57.7%,Evet,FARK YOK
DYDXUSDT,REAL_CBDR,--- OZET ---,0/10 bucket cifti birbirinden ayrisiyor,,,,,,0 cift ayrisiyor
DYDXUSDT,DEFAULT,0-1%,1-1.5%,237,522,56.1%,52.5%,Evet,FARK YOK
DYDXUSDT,DEFAULT,0-1%,1.5-2%,237,561,56.1%,52.2%,Evet,FARK YOK
DYDXUSDT,DEFAULT,0-1%,2-3%,237,932,56.1%,52.1%,Evet,FARK YOK
DYDXUSDT,DEFAULT,0-1%,3-5%,237,640,56.1%,58.1%,Evet,FARK YOK
DYDXUSDT,DEFAULT,0-1%,>5%,237,171,56.1%,60.8%,Evet,FARK YOK
DYDXUSDT,DEFAULT,1-1.5%,1.5-2%,522,561,52.5%,52.2%,Evet,FARK YOK
DYDXUSDT,DEFAULT,1-1.5%,2-3%,522,932,52.5%,52.1%,Evet,FARK YOK
DYDXUSDT,DEFAULT,1-1.5%,3-5%,522,640,52.5%,58.1%,Evet,FARK YOK
DYDXUSDT,DEFAULT,1-1.5%,>5%,522,171,52.5%,60.8%,Evet,FARK YOK
DYDXUSDT,DEFAULT,1.5-2%,2-3%,561,932,52.2%,52.1%,Evet,FARK YOK
DYDXUSDT,DEFAULT,1.5-2%,3-5%,561,640,52.2%,58.1%,Evet,FARK YOK
DYDXUSDT,DEFAULT,1.5-2%,>5%,561,171,52.2%,60.8%,Evet,FARK YOK
DYDXUSDT,DEFAULT,2-3%,3-5%,932,640,52.1%,58.1%,Evet,FARK YOK
DYDXUSDT,DEFAULT,2-3%,>5%,932,171,52.1%,60.8%,Evet,FARK YOK
DYDXUSDT,DEFAULT,3-5%,>5%,640,171,58.1%,60.8%,Evet,FARK YOK
DYDXUSDT,DEFAULT,--- OZET ---,0/15 bucket cifti birbirinden ayrisiyor,,,,,,0 cift ayrisiyor
DYDXUSDT,ASIA_RANGE,0-1%,1-1.5%,245,574,58.8%,49.0%,Evet,FARK YOK
DYDXUSDT,ASIA_RANGE,0-1%,1.5-2%,245,631,58.8%,51.0%,Evet,FARK YOK
DYDXUSDT,ASIA_RANGE,0-1%,2-3%,245,779,58.8%,54.3%,Evet,FARK YOK
DYDXUSDT,ASIA_RANGE,0-1%,3-5%,245,623,58.8%,60.4%,Evet,FARK YOK
DYDXUSDT,ASIA_RANGE,0-1%,>5%,245,175,58.8%,58.3%,Evet,FARK YOK
DYDXUSDT,ASIA_RANGE,1-1.5%,1.5-2%,574,631,49.0%,51.0%,Evet,FARK YOK
DYDXUSDT,ASIA_RANGE,1-1.5%,2-3%,574,779,49.0%,54.3%,Evet,FARK YOK
DYDXUSDT,ASIA_RANGE,1-1.5%,3-5%,574,623,49.0%,60.4%,Hayır,ANLAMLI FARK VAR
DYDXUSDT,ASIA_RANGE,1-1.5%,>5%,574,175,49.0%,58.3%,Evet,FARK YOK
DYDXUSDT,ASIA_RANGE,1.5-2%,2-3%,631,779,51.0%,54.3%,Evet,FARK YOK
DYDXUSDT,ASIA_RANGE,1.5-2%,3-5%,631,623,51.0%,60.4%,Hayır,ANLAMLI FARK VAR
DYDXUSDT,ASIA_RANGE,1.5-2%,>5%,631,175,51.0%,58.3%,Evet,FARK YOK
DYDXUSDT,ASIA_RANGE,2-3%,3-5%,779,623,54.3%,60.4%,Evet,FARK YOK
DYDXUSDT,ASIA_RANGE,2-3%,>5%,779,175,54.3%,58.3%,Evet,FARK YOK
DYDXUSDT,ASIA_RANGE,3-5%,>5%,623,175,60.4%,58.3%,Evet,FARK YOK
DYDXUSDT,ASIA_RANGE,--- OZET ---,2/15 bucket cifti birbirinden ayrisiyor,,,,,,2 cift ayrisiyor
ENAUSDT,REAL_CBDR,1-1.5%,1.5-2%,128,263,54.7%,52.9%,Evet,FARK YOK
ENAUSDT,REAL_CBDR,1-1.5%,2-3%,128,634,54.7%,52.1%,Evet,FARK YOK
ENAUSDT,REAL_CBDR,1-1.5%,3-5%,128,700,54.7%,54.0%,Evet,FARK YOK
ENAUSDT,REAL_CBDR,1-1.5%,>5%,128,454,54.7%,55.9%,Evet,FARK YOK
ENAUSDT,REAL_CBDR,1.5-2%,2-3%,263,634,52.9%,52.1%,Evet,FARK YOK
ENAUSDT,REAL_CBDR,1.5-2%,3-5%,263,700,52.9%,54.0%,Evet,FARK YOK
ENAUSDT,REAL_CBDR,1.5-2%,>5%,263,454,52.9%,55.9%,Evet,FARK YOK
ENAUSDT,REAL_CBDR,2-3%,3-5%,634,700,52.1%,54.0%,Evet,FARK YOK
ENAUSDT,REAL_CBDR,2-3%,>5%,634,454,52.1%,55.9%,Evet,FARK YOK
ENAUSDT,REAL_CBDR,3-5%,>5%,700,454,54.0%,55.9%,Evet,FARK YOK
ENAUSDT,REAL_CBDR,--- OZET ---,0/10 bucket cifti birbirinden ayrisiyor,,,,,,0 cift ayrisiyor
ENAUSDT,DEFAULT,1-1.5%,1.5-2%,286,430,45.1%,51.6%,Evet,FARK YOK
ENAUSDT,DEFAULT,1-1.5%,2-3%,286,686,45.1%,59.8%,Hayır,ANLAMLI FARK VAR
ENAUSDT,DEFAULT,1-1.5%,3-5%,286,669,45.1%,59.2%,Hayır,ANLAMLI FARK VAR
ENAUSDT,DEFAULT,1-1.5%,>5%,286,357,45.1%,56.9%,Hayır,ANLAMLI FARK VAR
ENAUSDT,DEFAULT,1.5-2%,2-3%,430,686,51.6%,59.8%,Evet,FARK YOK
ENAUSDT,DEFAULT,1.5-2%,3-5%,430,669,51.6%,59.2%,Evet,FARK YOK
ENAUSDT,DEFAULT,1.5-2%,>5%,430,357,51.6%,56.9%,Evet,FARK YOK
ENAUSDT,DEFAULT,2-3%,3-5%,686,669,59.8%,59.2%,Evet,FARK YOK
ENAUSDT,DEFAULT,2-3%,>5%,686,357,59.8%,56.9%,Evet,FARK YOK
ENAUSDT,DEFAULT,3-5%,>5%,669,357,59.2%,56.9%,Evet,FARK YOK
ENAUSDT,DEFAULT,--- OZET ---,3/10 bucket cifti birbirinden ayrisiyor,,,,,,3 cift ayrisiyor
ENAUSDT,ASIA_RANGE,1-1.5%,1.5-2%,312,352,47.4%,52.3%,Evet,FARK YOK
ENAUSDT,ASIA_RANGE,1-1.5%,2-3%,312,679,47.4%,54.5%,Evet,FARK YOK
ENAUSDT,ASIA_RANGE,1-1.5%,3-5%,312,766,47.4%,57.7%,Hayır,ANLAMLI FARK VAR
ENAUSDT,ASIA_RANGE,1-1.5%,>5%,312,355,47.4%,50.1%,Evet,FARK YOK
ENAUSDT,ASIA_RANGE,1.5-2%,2-3%,352,679,52.3%,54.5%,Evet,FARK YOK
ENAUSDT,ASIA_RANGE,1.5-2%,3-5%,352,766,52.3%,57.7%,Evet,FARK YOK
ENAUSDT,ASIA_RANGE,1.5-2%,>5%,352,355,52.3%,50.1%,Evet,FARK YOK
ENAUSDT,ASIA_RANGE,2-3%,3-5%,679,766,54.5%,57.7%,Evet,FARK YOK
ENAUSDT,ASIA_RANGE,2-3%,>5%,679,355,54.5%,50.1%,Evet,FARK YOK
ENAUSDT,ASIA_RANGE,3-5%,>5%,766,355,57.7%,50.1%,Evet,FARK YOK
ENAUSDT,ASIA_RANGE,--- OZET ---,1/10 bucket cifti birbirinden ayrisiyor,,,,,,1 cift ayrisiyor
GMXUSDT,REAL_CBDR,0-1%,1-1.5%,243,505,43.6%,54.5%,Hayır,ANLAMLI FARK VAR
GMXUSDT,REAL_CBDR,0-1%,1.5-2%,243,594,43.6%,55.9%,Hayır,ANLAMLI FARK VAR
GMXUSDT,REAL_CBDR,0-1%,2-3%,243,834,43.6%,57.4%,Hayır,ANLAMLI FARK VAR
GMXUSDT,REAL_CBDR,0-1%,3-5%,243,497,43.6%,56.3%,Hayır,ANLAMLI FARK VAR
GMXUSDT,REAL_CBDR,0-1%,>5%,243,180,43.6%,68.3%,Hayır,ANLAMLI FARK VAR
GMXUSDT,REAL_CBDR,1-1.5%,1.5-2%,505,594,54.5%,55.9%,Evet,FARK YOK
GMXUSDT,REAL_CBDR,1-1.5%,2-3%,505,834,54.5%,57.4%,Evet,FARK YOK
GMXUSDT,REAL_CBDR,1-1.5%,3-5%,505,497,54.5%,56.3%,Evet,FARK YOK
GMXUSDT,REAL_CBDR,1-1.5%,>5%,505,180,54.5%,68.3%,Hayır,ANLAMLI FARK VAR
GMXUSDT,REAL_CBDR,1.5-2%,2-3%,594,834,55.9%,57.4%,Evet,FARK YOK
GMXUSDT,REAL_CBDR,1.5-2%,3-5%,594,497,55.9%,56.3%,Evet,FARK YOK
GMXUSDT,REAL_CBDR,1.5-2%,>5%,594,180,55.9%,68.3%,Hayır,ANLAMLI FARK VAR
GMXUSDT,REAL_CBDR,2-3%,3-5%,834,497,57.4%,56.3%,Evet,FARK YOK
GMXUSDT,REAL_CBDR,2-3%,>5%,834,180,57.4%,68.3%,Hayır,ANLAMLI FARK VAR
GMXUSDT,REAL_CBDR,3-5%,>5%,497,180,56.3%,68.3%,Hayır,ANLAMLI FARK VAR
GMXUSDT,REAL_CBDR,--- OZET ---,9/15 bucket cifti birbirinden ayrisiyor,,,,,,9 cift ayrisiyor
GMXUSDT,DEFAULT,0-1%,1-1.5%,495,817,53.1%,54.7%,Evet,FARK YOK
GMXUSDT,DEFAULT,0-1%,1.5-2%,495,663,53.1%,58.8%,Evet,FARK YOK
GMXUSDT,DEFAULT,0-1%,2-3%,495,879,53.1%,56.0%,Evet,FARK YOK
GMXUSDT,DEFAULT,0-1%,3-5%,495,382,53.1%,55.2%,Evet,FARK YOK
GMXUSDT,DEFAULT,0-1%,>5%,495,109,53.1%,67.0%,Hayır,ANLAMLI FARK VAR
GMXUSDT,DEFAULT,1-1.5%,1.5-2%,817,663,54.7%,58.8%,Evet,FARK YOK
GMXUSDT,DEFAULT,1-1.5%,2-3%,817,879,54.7%,56.0%,Evet,FARK YOK
GMXUSDT,DEFAULT,1-1.5%,3-5%,817,382,54.7%,55.2%,Evet,FARK YOK
GMXUSDT,DEFAULT,1-1.5%,>5%,817,109,54.7%,67.0%,Evet,FARK YOK
GMXUSDT,DEFAULT,1.5-2%,2-3%,663,879,58.8%,56.0%,Evet,FARK YOK
GMXUSDT,DEFAULT,1.5-2%,3-5%,663,382,58.8%,55.2%,Evet,FARK YOK
GMXUSDT,DEFAULT,1.5-2%,>5%,663,109,58.8%,67.0%,Evet,FARK YOK
GMXUSDT,DEFAULT,2-3%,3-5%,879,382,56.0%,55.2%,Evet,FARK YOK
GMXUSDT,DEFAULT,2-3%,>5%,879,109,56.0%,67.0%,Evet,FARK YOK
GMXUSDT,DEFAULT,3-5%,>5%,382,109,55.2%,67.0%,Evet,FARK YOK
GMXUSDT,DEFAULT,--- OZET ---,1/15 bucket cifti birbirinden ayrisiyor,,,,,,1 cift ayrisiyor
GMXUSDT,ASIA_RANGE,0-1%,1-1.5%,377,752,52.5%,53.3%,Evet,FARK YOK
GMXUSDT,ASIA_RANGE,0-1%,1.5-2%,377,1042,52.5%,60.6%,Hayır,ANLAMLI FARK VAR
GMXUSDT,ASIA_RANGE,0-1%,2-3%,377,758,52.5%,56.3%,Evet,FARK YOK
GMXUSDT,ASIA_RANGE,0-1%,3-5%,377,371,52.5%,62.3%,Evet,FARK YOK
GMXUSDT,ASIA_RANGE,0-1%,>5%,377,132,52.5%,62.9%,Evet,FARK YOK
GMXUSDT,ASIA_RANGE,1-1.5%,1.5-2%,752,1042,53.3%,60.6%,Hayır,ANLAMLI FARK VAR
GMXUSDT,ASIA_RANGE,1-1.5%,2-3%,752,758,53.3%,56.3%,Evet,FARK YOK
GMXUSDT,ASIA_RANGE,1-1.5%,3-5%,752,371,53.3%,62.3%,Hayır,ANLAMLI FARK VAR
GMXUSDT,ASIA_RANGE,1-1.5%,>5%,752,132,53.3%,62.9%,Evet,FARK YOK
GMXUSDT,ASIA_RANGE,1.5-2%,2-3%,1042,758,60.6%,56.3%,Evet,FARK YOK
GMXUSDT,ASIA_RANGE,1.5-2%,3-5%,1042,371,60.6%,62.3%,Evet,FARK YOK
GMXUSDT,ASIA_RANGE,1.5-2%,>5%,1042,132,60.6%,62.9%,Evet,FARK YOK
GMXUSDT,ASIA_RANGE,2-3%,3-5%,758,371,56.3%,62.3%,Evet,FARK YOK
GMXUSDT,ASIA_RANGE,2-3%,>5%,758,132,56.3%,62.9%,Evet,FARK YOK
GMXUSDT,ASIA_RANGE,3-5%,>5%,371,132,62.3%,62.9%,Evet,FARK YOK
GMXUSDT,ASIA_RANGE,--- OZET ---,3/15 bucket cifti birbirinden ayrisiyor,,,,,,3 cift ayrisiyor
LDOUSDT,REAL_CBDR,1-1.5%,1.5-2%,238,510,47.5%,48.8%,Evet,FARK YOK
LDOUSDT,REAL_CBDR,1-1.5%,2-3%,238,609,47.5%,56.8%,Evet,FARK YOK
LDOUSDT,REAL_CBDR,1-1.5%,3-5%,238,605,47.5%,56.5%,Evet,FARK YOK
LDOUSDT,REAL_CBDR,1-1.5%,>5%,238,349,47.5%,61.9%,Hayır,ANLAMLI FARK VAR
LDOUSDT,REAL_CBDR,1.5-2%,2-3%,510,609,48.8%,56.8%,Evet,FARK YOK
LDOUSDT,REAL_CBDR,1.5-2%,3-5%,510,605,48.8%,56.5%,Evet,FARK YOK
LDOUSDT,REAL_CBDR,1.5-2%,>5%,510,349,48.8%,61.9%,Hayır,ANLAMLI FARK VAR
LDOUSDT,REAL_CBDR,2-3%,3-5%,609,605,56.8%,56.5%,Evet,FARK YOK
LDOUSDT,REAL_CBDR,2-3%,>5%,609,349,56.8%,61.9%,Evet,FARK YOK
LDOUSDT,REAL_CBDR,3-5%,>5%,605,349,56.5%,61.9%,Evet,FARK YOK
LDOUSDT,REAL_CBDR,--- OZET ---,2/10 bucket cifti birbirinden ayrisiyor,,,,,,2 cift ayrisiyor
LDOUSDT,DEFAULT,1-1.5%,1.5-2%,598,563,53.8%,52.6%,Evet,FARK YOK
LDOUSDT,DEFAULT,1-1.5%,2-3%,598,716,53.8%,55.9%,Evet,FARK YOK
LDOUSDT,DEFAULT,1-1.5%,3-5%,598,643,53.8%,57.7%,Evet,FARK YOK
LDOUSDT,DEFAULT,1-1.5%,>5%,598,192,53.8%,58.3%,Evet,FARK YOK
LDOUSDT,DEFAULT,1.5-2%,2-3%,563,716,52.6%,55.9%,Evet,FARK YOK
LDOUSDT,DEFAULT,1.5-2%,3-5%,563,643,52.6%,57.7%,Evet,FARK YOK
LDOUSDT,DEFAULT,1.5-2%,>5%,563,192,52.6%,58.3%,Evet,FARK YOK
LDOUSDT,DEFAULT,2-3%,3-5%,716,643,55.9%,57.7%,Evet,FARK YOK
LDOUSDT,DEFAULT,2-3%,>5%,716,192,55.9%,58.3%,Evet,FARK YOK
LDOUSDT,DEFAULT,3-5%,>5%,643,192,57.7%,58.3%,Evet,FARK YOK
LDOUSDT,DEFAULT,--- OZET ---,0/10 bucket cifti birbirinden ayrisiyor,,,,,,0 cift ayrisiyor
LDOUSDT,ASIA_RANGE,1-1.5%,1.5-2%,531,611,49.5%,53.5%,Evet,FARK YOK
LDOUSDT,ASIA_RANGE,1-1.5%,2-3%,531,776,49.5%,54.4%,Evet,FARK YOK
LDOUSDT,ASIA_RANGE,1-1.5%,3-5%,531,565,49.5%,57.9%,Evet,FARK YOK
LDOUSDT,ASIA_RANGE,1-1.5%,>5%,531,245,49.5%,67.8%,Hayır,ANLAMLI FARK VAR
LDOUSDT,ASIA_RANGE,1.5-2%,2-3%,611,776,53.5%,54.4%,Evet,FARK YOK
LDOUSDT,ASIA_RANGE,1.5-2%,3-5%,611,565,53.5%,57.9%,Evet,FARK YOK
LDOUSDT,ASIA_RANGE,1.5-2%,>5%,611,245,53.5%,67.8%,Hayır,ANLAMLI FARK VAR
LDOUSDT,ASIA_RANGE,2-3%,3-5%,776,565,54.4%,57.9%,Evet,FARK YOK
LDOUSDT,ASIA_RANGE,2-3%,>5%,776,245,54.4%,67.8%,Hayır,ANLAMLI FARK VAR
LDOUSDT,ASIA_RANGE,3-5%,>5%,565,245,57.9%,67.8%,Evet,FARK YOK
LDOUSDT,ASIA_RANGE,--- OZET ---,3/10 bucket cifti birbirinden ayrisiyor,,,,,,3 cift ayrisiyor
ONDOUSDT,REAL_CBDR,1-1.5%,1.5-2%,214,216,46.3%,52.3%,Evet,FARK YOK
ONDOUSDT,REAL_CBDR,1-1.5%,2-3%,214,326,46.3%,45.7%,Evet,FARK YOK
ONDOUSDT,REAL_CBDR,1-1.5%,3-5%,214,250,46.3%,50.8%,Evet,FARK YOK
ONDOUSDT,REAL_CBDR,1.5-2%,2-3%,216,326,52.3%,45.7%,Evet,FARK YOK
ONDOUSDT,REAL_CBDR,1.5-2%,3-5%,216,250,52.3%,50.8%,Evet,FARK YOK
ONDOUSDT,REAL_CBDR,2-3%,3-5%,326,250,45.7%,50.8%,Evet,FARK YOK
ONDOUSDT,REAL_CBDR,--- OZET ---,0/6 bucket cifti birbirinden ayrisiyor,,,,,,0 cift ayrisiyor
ONDOUSDT,DEFAULT,0-1%,1-1.5%,174,341,37.4%,49.6%,Evet,FARK YOK
ONDOUSDT,DEFAULT,0-1%,1.5-2%,174,351,37.4%,53.6%,Hayır,ANLAMLI FARK VAR
ONDOUSDT,DEFAULT,0-1%,2-3%,174,371,37.4%,48.0%,Evet,FARK YOK
ONDOUSDT,DEFAULT,0-1%,3-5%,174,192,37.4%,47.4%,Evet,FARK YOK
ONDOUSDT,DEFAULT,1-1.5%,1.5-2%,341,351,49.6%,53.6%,Evet,FARK YOK
ONDOUSDT,DEFAULT,1-1.5%,2-3%,341,371,49.6%,48.0%,Evet,FARK YOK
ONDOUSDT,DEFAULT,1-1.5%,3-5%,341,192,49.6%,47.4%,Evet,FARK YOK
ONDOUSDT,DEFAULT,1.5-2%,2-3%,351,371,53.6%,48.0%,Evet,FARK YOK
ONDOUSDT,DEFAULT,1.5-2%,3-5%,351,192,53.6%,47.4%,Evet,FARK YOK
ONDOUSDT,DEFAULT,2-3%,3-5%,371,192,48.0%,47.4%,Evet,FARK YOK
ONDOUSDT,DEFAULT,--- OZET ---,1/10 bucket cifti birbirinden ayrisiyor,,,,,,1 cift ayrisiyor
ONDOUSDT,ASIA_RANGE,0-1%,1-1.5%,216,343,40.3%,49.3%,Evet,FARK YOK
ONDOUSDT,ASIA_RANGE,0-1%,1.5-2%,216,241,40.3%,49.8%,Evet,FARK YOK
ONDOUSDT,ASIA_RANGE,0-1%,2-3%,216,289,40.3%,50.9%,Evet,FARK YOK
ONDOUSDT,ASIA_RANGE,0-1%,3-5%,216,172,40.3%,52.9%,Evet,FARK YOK
ONDOUSDT,ASIA_RANGE,1-1.5%,1.5-2%,343,241,49.3%,49.8%,Evet,FARK YOK
ONDOUSDT,ASIA_RANGE,1-1.5%,2-3%,343,289,49.3%,50.9%,Evet,FARK YOK
ONDOUSDT,ASIA_RANGE,1-1.5%,3-5%,343,172,49.3%,52.9%,Evet,FARK YOK
ONDOUSDT,ASIA_RANGE,1.5-2%,2-3%,241,289,49.8%,50.9%,Evet,FARK YOK
ONDOUSDT,ASIA_RANGE,1.5-2%,3-5%,241,172,49.8%,52.9%,Evet,FARK YOK
ONDOUSDT,ASIA_RANGE,2-3%,3-5%,289,172,50.9%,52.9%,Evet,FARK YOK
ONDOUSDT,ASIA_RANGE,--- OZET ---,0/10 bucket cifti birbirinden ayrisiyor,,,,,,0 cift ayrisiyor
PYTHUSDT,REAL_CBDR,1-1.5%,1.5-2%,301,394,51.8%,51.8%,Evet,FARK YOK
PYTHUSDT,REAL_CBDR,1-1.5%,2-3%,301,738,51.8%,52.0%,Evet,FARK YOK
PYTHUSDT,REAL_CBDR,1-1.5%,3-5%,301,716,51.8%,61.0%,Evet,FARK YOK
PYTHUSDT,REAL_CBDR,1-1.5%,>5%,301,402,51.8%,62.7%,Hayır,ANLAMLI FARK VAR
PYTHUSDT,REAL_CBDR,1.5-2%,2-3%,394,738,51.8%,52.0%,Evet,FARK YOK
PYTHUSDT,REAL_CBDR,1.5-2%,3-5%,394,716,51.8%,61.0%,Hayır,ANLAMLI FARK VAR
PYTHUSDT,REAL_CBDR,1.5-2%,>5%,394,402,51.8%,62.7%,Hayır,ANLAMLI FARK VAR
PYTHUSDT,REAL_CBDR,2-3%,3-5%,738,716,52.0%,61.0%,Hayır,ANLAMLI FARK VAR
PYTHUSDT,REAL_CBDR,2-3%,>5%,738,402,52.0%,62.7%,Hayır,ANLAMLI FARK VAR
PYTHUSDT,REAL_CBDR,3-5%,>5%,716,402,61.0%,62.7%,Evet,FARK YOK
PYTHUSDT,REAL_CBDR,--- OZET ---,5/10 bucket cifti birbirinden ayrisiyor,,,,,,5 cift ayrisiyor
PYTHUSDT,DEFAULT,1-1.5%,1.5-2%,422,659,52.8%,56.0%,Evet,FARK YOK
PYTHUSDT,DEFAULT,1-1.5%,2-3%,422,804,52.8%,55.5%,Evet,FARK YOK
PYTHUSDT,DEFAULT,1-1.5%,3-5%,422,798,52.8%,57.5%,Evet,FARK YOK
PYTHUSDT,DEFAULT,1-1.5%,>5%,422,204,52.8%,61.8%,Evet,FARK YOK
PYTHUSDT,DEFAULT,1.5-2%,2-3%,659,804,56.0%,55.5%,Evet,FARK YOK
PYTHUSDT,DEFAULT,1.5-2%,3-5%,659,798,56.0%,57.5%,Evet,FARK YOK
PYTHUSDT,DEFAULT,1.5-2%,>5%,659,204,56.0%,61.8%,Evet,FARK YOK
PYTHUSDT,DEFAULT,2-3%,3-5%,804,798,55.5%,57.5%,Evet,FARK YOK
PYTHUSDT,DEFAULT,2-3%,>5%,804,204,55.5%,61.8%,Evet,FARK YOK
PYTHUSDT,DEFAULT,3-5%,>5%,798,204,57.5%,61.8%,Evet,FARK YOK
PYTHUSDT,DEFAULT,--- OZET ---,0/10 bucket cifti birbirinden ayrisiyor,,,,,,0 cift ayrisiyor
PYTHUSDT,ASIA_RANGE,0-1%,1-1.5%,103,436,55.3%,55.5%,Evet,FARK YOK
PYTHUSDT,ASIA_RANGE,0-1%,1.5-2%,103,489,55.3%,58.1%,Evet,FARK YOK
PYTHUSDT,ASIA_RANGE,0-1%,2-3%,103,980,55.3%,54.3%,Evet,FARK YOK
PYTHUSDT,ASIA_RANGE,0-1%,3-5%,103,635,55.3%,54.6%,Evet,FARK YOK
PYTHUSDT,ASIA_RANGE,0-1%,>5%,103,250,55.3%,62.8%,Evet,FARK YOK
PYTHUSDT,ASIA_RANGE,1-1.5%,1.5-2%,436,489,55.5%,58.1%,Evet,FARK YOK
PYTHUSDT,ASIA_RANGE,1-1.5%,2-3%,436,980,55.5%,54.3%,Evet,FARK YOK
PYTHUSDT,ASIA_RANGE,1-1.5%,3-5%,436,635,55.5%,54.6%,Evet,FARK YOK
PYTHUSDT,ASIA_RANGE,1-1.5%,>5%,436,250,55.5%,62.8%,Evet,FARK YOK
PYTHUSDT,ASIA_RANGE,1.5-2%,2-3%,489,980,58.1%,54.3%,Evet,FARK YOK
PYTHUSDT,ASIA_RANGE,1.5-2%,3-5%,489,635,58.1%,54.6%,Evet,FARK YOK
PYTHUSDT,ASIA_RANGE,1.5-2%,>5%,489,250,58.1%,62.8%,Evet,FARK YOK
PYTHUSDT,ASIA_RANGE,2-3%,3-5%,980,635,54.3%,54.6%,Evet,FARK YOK
PYTHUSDT,ASIA_RANGE,2-3%,>5%,980,250,54.3%,62.8%,Evet,FARK YOK
PYTHUSDT,ASIA_RANGE,3-5%,>5%,635,250,54.6%,62.8%,Evet,FARK YOK
PYTHUSDT,ASIA_RANGE,--- OZET ---,0/15 bucket cifti birbirinden ayrisiyor,,,,,,0 cift ayrisiyor
RENDERUSDT,REAL_CBDR,1-1.5%,1.5-2%,168,364,47.0%,51.1%,Evet,FARK YOK
RENDERUSDT,REAL_CBDR,1-1.5%,2-3%,168,550,47.0%,53.3%,Evet,FARK YOK
RENDERUSDT,REAL_CBDR,1-1.5%,3-5%,168,487,47.0%,54.6%,Evet,FARK YOK
RENDERUSDT,REAL_CBDR,1-1.5%,>5%,168,257,47.0%,56.4%,Evet,FARK YOK
RENDERUSDT,REAL_CBDR,1.5-2%,2-3%,364,550,51.1%,53.3%,Evet,FARK YOK
RENDERUSDT,REAL_CBDR,1.5-2%,3-5%,364,487,51.1%,54.6%,Evet,FARK YOK
RENDERUSDT,REAL_CBDR,1.5-2%,>5%,364,257,51.1%,56.4%,Evet,FARK YOK
RENDERUSDT,REAL_CBDR,2-3%,3-5%,550,487,53.3%,54.6%,Evet,FARK YOK
RENDERUSDT,REAL_CBDR,2-3%,>5%,550,257,53.3%,56.4%,Evet,FARK YOK
RENDERUSDT,REAL_CBDR,3-5%,>5%,487,257,54.6%,56.4%,Evet,FARK YOK
RENDERUSDT,REAL_CBDR,--- OZET ---,0/10 bucket cifti birbirinden ayrisiyor,,,,,,0 cift ayrisiyor
RENDERUSDT,DEFAULT,0-1%,1-1.5%,166,410,47.0%,51.0%,Evet,FARK YOK
RENDERUSDT,DEFAULT,0-1%,1.5-2%,166,404,47.0%,52.7%,Evet,FARK YOK
RENDERUSDT,DEFAULT,0-1%,2-3%,166,635,47.0%,55.7%,Evet,FARK YOK
RENDERUSDT,DEFAULT,0-1%,3-5%,166,454,47.0%,56.4%,Evet,FARK YOK
RENDERUSDT,DEFAULT,0-1%,>5%,166,160,47.0%,60.0%,Evet,FARK YOK
RENDERUSDT,DEFAULT,1-1.5%,1.5-2%,410,404,51.0%,52.7%,Evet,FARK YOK
RENDERUSDT,DEFAULT,1-1.5%,2-3%,410,635,51.0%,55.7%,Evet,FARK YOK
RENDERUSDT,DEFAULT,1-1.5%,3-5%,410,454,51.0%,56.4%,Evet,FARK YOK
RENDERUSDT,DEFAULT,1-1.5%,>5%,410,160,51.0%,60.0%,Evet,FARK YOK
RENDERUSDT,DEFAULT,1.5-2%,2-3%,404,635,52.7%,55.7%,Evet,FARK YOK
RENDERUSDT,DEFAULT,1.5-2%,3-5%,404,454,52.7%,56.4%,Evet,FARK YOK
RENDERUSDT,DEFAULT,1.5-2%,>5%,404,160,52.7%,60.0%,Evet,FARK YOK
RENDERUSDT,DEFAULT,2-3%,3-5%,635,454,55.7%,56.4%,Evet,FARK YOK
RENDERUSDT,DEFAULT,2-3%,>5%,635,160,55.7%,60.0%,Evet,FARK YOK
RENDERUSDT,DEFAULT,3-5%,>5%,454,160,56.4%,60.0%,Evet,FARK YOK
RENDERUSDT,DEFAULT,--- OZET ---,0/15 bucket cifti birbirinden ayrisiyor,,,,,,0 cift ayrisiyor
RENDERUSDT,ASIA_RANGE,0-1%,1-1.5%,173,324,50.3%,47.8%,Evet,FARK YOK
RENDERUSDT,ASIA_RANGE,0-1%,1.5-2%,173,499,50.3%,55.3%,Evet,FARK YOK
RENDERUSDT,ASIA_RANGE,0-1%,2-3%,173,661,50.3%,54.8%,Evet,FARK YOK
RENDERUSDT,ASIA_RANGE,0-1%,3-5%,173,533,50.3%,59.3%,Evet,FARK YOK
RENDERUSDT,ASIA_RANGE,0-1%,>5%,173,163,50.3%,61.3%,Evet,FARK YOK
RENDERUSDT,ASIA_RANGE,1-1.5%,1.5-2%,324,499,47.8%,55.3%,Evet,FARK YOK
RENDERUSDT,ASIA_RANGE,1-1.5%,2-3%,324,661,47.8%,54.8%,Evet,FARK YOK
RENDERUSDT,ASIA_RANGE,1-1.5%,3-5%,324,533,47.8%,59.3%,Hayır,ANLAMLI FARK VAR
RENDERUSDT,ASIA_RANGE,1-1.5%,>5%,324,163,47.8%,61.3%,Hayır,ANLAMLI FARK VAR
RENDERUSDT,ASIA_RANGE,1.5-2%,2-3%,499,661,55.3%,54.8%,Evet,FARK YOK
RENDERUSDT,ASIA_RANGE,1.5-2%,3-5%,499,533,55.3%,59.3%,Evet,FARK YOK
RENDERUSDT,ASIA_RANGE,1.5-2%,>5%,499,163,55.3%,61.3%,Evet,FARK YOK
RENDERUSDT,ASIA_RANGE,2-3%,3-5%,661,533,54.8%,59.3%,Evet,FARK YOK
RENDERUSDT,ASIA_RANGE,2-3%,>5%,661,163,54.8%,61.3%,Evet,FARK YOK
RENDERUSDT,ASIA_RANGE,3-5%,>5%,533,163,59.3%,61.3%,Evet,FARK YOK
RENDERUSDT,ASIA_RANGE,--- OZET ---,2/15 bucket cifti birbirinden ayrisiyor,,,,,,2 cift ayrisiyor
SEIUSDT,REAL_CBDR,1-1.5%,1.5-2%,326,344,49.4%,50.6%,Evet,FARK YOK
SEIUSDT,REAL_CBDR,1-1.5%,2-3%,326,675,49.4%,57.6%,Evet,FARK YOK
SEIUSDT,REAL_CBDR,1-1.5%,3-5%,326,667,49.4%,57.4%,Evet,FARK YOK
SEIUSDT,REAL_CBDR,1-1.5%,>5%,326,300,49.4%,60.7%,Hayır,ANLAMLI FARK VAR
SEIUSDT,REAL_CBDR,1.5-2%,2-3%,344,675,50.6%,57.6%,Evet,FARK YOK
SEIUSDT,REAL_CBDR,1.5-2%,3-5%,344,667,50.6%,57.4%,Evet,FARK YOK
SEIUSDT,REAL_CBDR,1.5-2%,>5%,344,300,50.6%,60.7%,Evet,FARK YOK
SEIUSDT,REAL_CBDR,2-3%,3-5%,675,667,57.6%,57.4%,Evet,FARK YOK
SEIUSDT,REAL_CBDR,2-3%,>5%,675,300,57.6%,60.7%,Evet,FARK YOK
SEIUSDT,REAL_CBDR,3-5%,>5%,667,300,57.4%,60.7%,Evet,FARK YOK
SEIUSDT,REAL_CBDR,--- OZET ---,1/10 bucket cifti birbirinden ayrisiyor,,,,,,1 cift ayrisiyor
SEIUSDT,DEFAULT,0-1%,1-1.5%,179,588,37.4%,56.6%,Hayır,ANLAMLI FARK VAR
SEIUSDT,DEFAULT,0-1%,1.5-2%,179,504,37.4%,54.0%,Hayır,ANLAMLI FARK VAR
SEIUSDT,DEFAULT,0-1%,2-3%,179,616,37.4%,54.2%,Hayır,ANLAMLI FARK VAR
SEIUSDT,DEFAULT,0-1%,3-5%,179,684,37.4%,53.9%,Hayır,ANLAMLI FARK VAR
SEIUSDT,DEFAULT,0-1%,>5%,179,297,37.4%,58.2%,Hayır,ANLAMLI FARK VAR
SEIUSDT,DEFAULT,1-1.5%,1.5-2%,588,504,56.6%,54.0%,Evet,FARK YOK
SEIUSDT,DEFAULT,1-1.5%,2-3%,588,616,56.6%,54.2%,Evet,FARK YOK
SEIUSDT,DEFAULT,1-1.5%,3-5%,588,684,56.6%,53.9%,Evet,FARK YOK
SEIUSDT,DEFAULT,1-1.5%,>5%,588,297,56.6%,58.2%,Evet,FARK YOK
SEIUSDT,DEFAULT,1.5-2%,2-3%,504,616,54.0%,54.2%,Evet,FARK YOK
SEIUSDT,DEFAULT,1.5-2%,3-5%,504,684,54.0%,53.9%,Evet,FARK YOK
SEIUSDT,DEFAULT,1.5-2%,>5%,504,297,54.0%,58.2%,Evet,FARK YOK
SEIUSDT,DEFAULT,2-3%,3-5%,616,684,54.2%,53.9%,Evet,FARK YOK
SEIUSDT,DEFAULT,2-3%,>5%,616,297,54.2%,58.2%,Evet,FARK YOK
SEIUSDT,DEFAULT,3-5%,>5%,684,297,53.9%,58.2%,Evet,FARK YOK
SEIUSDT,DEFAULT,--- OZET ---,5/15 bucket cifti birbirinden ayrisiyor,,,,,,5 cift ayrisiyor
SEIUSDT,ASIA_RANGE,0-1%,1-1.5%,237,469,43.5%,50.3%,Evet,FARK YOK
SEIUSDT,ASIA_RANGE,0-1%,1.5-2%,237,547,43.5%,55.4%,Hayır,ANLAMLI FARK VAR
SEIUSDT,ASIA_RANGE,0-1%,2-3%,237,867,43.5%,57.0%,Hayır,ANLAMLI FARK VAR
SEIUSDT,ASIA_RANGE,0-1%,3-5%,237,602,43.5%,54.5%,Hayır,ANLAMLI FARK VAR
SEIUSDT,ASIA_RANGE,0-1%,>5%,237,194,43.5%,59.8%,Hayır,ANLAMLI FARK VAR
SEIUSDT,ASIA_RANGE,1-1.5%,1.5-2%,469,547,50.3%,55.4%,Evet,FARK YOK
SEIUSDT,ASIA_RANGE,1-1.5%,2-3%,469,867,50.3%,57.0%,Evet,FARK YOK
SEIUSDT,ASIA_RANGE,1-1.5%,3-5%,469,602,50.3%,54.5%,Evet,FARK YOK
SEIUSDT,ASIA_RANGE,1-1.5%,>5%,469,194,50.3%,59.8%,Evet,FARK YOK
SEIUSDT,ASIA_RANGE,1.5-2%,2-3%,547,867,55.4%,57.0%,Evet,FARK YOK
SEIUSDT,ASIA_RANGE,1.5-2%,3-5%,547,602,55.4%,54.5%,Evet,FARK YOK
SEIUSDT,ASIA_RANGE,1.5-2%,>5%,547,194,55.4%,59.8%,Evet,FARK YOK
SEIUSDT,ASIA_RANGE,2-3%,3-5%,867,602,57.0%,54.5%,Evet,FARK YOK
SEIUSDT,ASIA_RANGE,2-3%,>5%,867,194,57.0%,59.8%,Evet,FARK YOK
SEIUSDT,ASIA_RANGE,3-5%,>5%,602,194,54.5%,59.8%,Evet,FARK YOK
SEIUSDT,ASIA_RANGE,--- OZET ---,4/15 bucket cifti birbirinden ayrisiyor,,,,,,4 cift ayrisiyor
TIAUSDT,REAL_CBDR,1-1.5%,1.5-2%,198,335,50.0%,54.9%,Evet,FARK YOK
TIAUSDT,REAL_CBDR,1-1.5%,2-3%,198,786,50.0%,50.6%,Evet,FARK YOK
TIAUSDT,REAL_CBDR,1-1.5%,3-5%,198,628,50.0%,53.3%,Evet,FARK YOK
TIAUSDT,REAL_CBDR,1-1.5%,>5%,198,432,50.0%,63.9%,Hayır,ANLAMLI FARK VAR
TIAUSDT,REAL_CBDR,1.5-2%,2-3%,335,786,54.9%,50.6%,Evet,FARK YOK
TIAUSDT,REAL_CBDR,1.5-2%,3-5%,335,628,54.9%,53.3%,Evet,FARK YOK
TIAUSDT,REAL_CBDR,1.5-2%,>5%,335,432,54.9%,63.9%,Evet,FARK YOK
TIAUSDT,REAL_CBDR,2-3%,3-5%,786,628,50.6%,53.3%,Evet,FARK YOK
TIAUSDT,REAL_CBDR,2-3%,>5%,786,432,50.6%,63.9%,Hayır,ANLAMLI FARK VAR
TIAUSDT,REAL_CBDR,3-5%,>5%,628,432,53.3%,63.9%,Hayır,ANLAMLI FARK VAR
TIAUSDT,REAL_CBDR,--- OZET ---,3/10 bucket cifti birbirinden ayrisiyor,,,,,,3 cift ayrisiyor
TIAUSDT,DEFAULT,0-1%,1-1.5%,154,378,53.9%,51.9%,Evet,FARK YOK
TIAUSDT,DEFAULT,0-1%,1.5-2%,154,501,53.9%,50.1%,Evet,FARK YOK
TIAUSDT,DEFAULT,0-1%,2-3%,154,921,53.9%,49.2%,Evet,FARK YOK
TIAUSDT,DEFAULT,0-1%,3-5%,154,740,53.9%,59.3%,Evet,FARK YOK
TIAUSDT,DEFAULT,0-1%,>5%,154,247,53.9%,56.3%,Evet,FARK YOK
TIAUSDT,DEFAULT,1-1.5%,1.5-2%,378,501,51.9%,50.1%,Evet,FARK YOK
TIAUSDT,DEFAULT,1-1.5%,2-3%,378,921,51.9%,49.2%,Evet,FARK YOK
TIAUSDT,DEFAULT,1-1.5%,3-5%,378,740,51.9%,59.3%,Evet,FARK YOK
TIAUSDT,DEFAULT,1-1.5%,>5%,378,247,51.9%,56.3%,Evet,FARK YOK
TIAUSDT,DEFAULT,1.5-2%,2-3%,501,921,50.1%,49.2%,Evet,FARK YOK
TIAUSDT,DEFAULT,1.5-2%,3-5%,501,740,50.1%,59.3%,Hayır,ANLAMLI FARK VAR
TIAUSDT,DEFAULT,1.5-2%,>5%,501,247,50.1%,56.3%,Evet,FARK YOK
TIAUSDT,DEFAULT,2-3%,3-5%,921,740,49.2%,59.3%,Hayır,ANLAMLI FARK VAR
TIAUSDT,DEFAULT,2-3%,>5%,921,247,49.2%,56.3%,Evet,FARK YOK
TIAUSDT,DEFAULT,3-5%,>5%,740,247,59.3%,56.3%,Evet,FARK YOK
TIAUSDT,DEFAULT,--- OZET ---,2/15 bucket cifti birbirinden ayrisiyor,,,,,,2 cift ayrisiyor
TIAUSDT,ASIA_RANGE,0-1%,1-1.5%,123,504,46.3%,54.6%,Evet,FARK YOK
TIAUSDT,ASIA_RANGE,0-1%,1.5-2%,123,554,46.3%,52.5%,Evet,FARK YOK
TIAUSDT,ASIA_RANGE,0-1%,2-3%,123,847,46.3%,52.5%,Evet,FARK YOK
TIAUSDT,ASIA_RANGE,0-1%,3-5%,123,652,46.3%,50.9%,Evet,FARK YOK
TIAUSDT,ASIA_RANGE,0-1%,>5%,123,282,46.3%,60.6%,Evet,FARK YOK
TIAUSDT,ASIA_RANGE,1-1.5%,1.5-2%,504,554,54.6%,52.5%,Evet,FARK YOK
TIAUSDT,ASIA_RANGE,1-1.5%,2-3%,504,847,54.6%,52.5%,Evet,FARK YOK
TIAUSDT,ASIA_RANGE,1-1.5%,3-5%,504,652,54.6%,50.9%,Evet,FARK YOK
TIAUSDT,ASIA_RANGE,1-1.5%,>5%,504,282,54.6%,60.6%,Evet,FARK YOK
TIAUSDT,ASIA_RANGE,1.5-2%,2-3%,554,847,52.5%,52.5%,Evet,FARK YOK
TIAUSDT,ASIA_RANGE,1.5-2%,3-5%,554,652,52.5%,50.9%,Evet,FARK YOK
TIAUSDT,ASIA_RANGE,1.5-2%,>5%,554,282,52.5%,60.6%,Evet,FARK YOK
TIAUSDT,ASIA_RANGE,2-3%,3-5%,847,652,52.5%,50.9%,Evet,FARK YOK
TIAUSDT,ASIA_RANGE,2-3%,>5%,847,282,52.5%,60.6%,Evet,FARK YOK
TIAUSDT,ASIA_RANGE,3-5%,>5%,652,282,50.9%,60.6%,Hayır,ANLAMLI FARK VAR
TIAUSDT,ASIA_RANGE,--- OZET ---,1/15 bucket cifti birbirinden ayrisiyor,,,,,,1 cift ayrisiyor
