mult,sym,min_fvg,trades,pnl,wr,mdd,pf
0.02,ADAUSDT,0.0,612,11839.36,41.01307189542484,2.733196040329709,4.556714241933365
0.02,APTUSDT,0.0002,650,18241.76,52.92307692307693,1.281685373729618,4.510009136712931
0.02,ATOMUSDT,0.0002,733,27258.41,48.158253751705324,2.7833658815871165,6.3948399234754785
0.02,AVAXUSDT,0.0012,611,12263.23,43.207855973813416,2.4973270259737346,4.709094930092024
0.02,BNBUSDT,0.0504,588,14379.61,45.74829931972789,2.923213039868729,4.522861918816241
0.02,BTCUSDT,5.5286,494,11629.17,42.30769230769231,3.372712364987682,4.8854702925322515
0.02,DOTUSDT,0.0002,622,16545.35,47.10610932475884,3.326295451602924,5.039976550405835
0.02,ETHUSDT,0.2314,455,6856.46,43.956043956043956,3.0153911416166808,3.5951568596225814
0.02,LINKUSDT,0.0012,543,3894.2599999999998,36.279926335174956,4.687198442943362,3.0867482091914398
0.02,NEARUSDT,0.0002,803,20576.52,49.93773349937734,2.2491626978518253,4.355431637407359
0.02,SOLUSDT,0.0109,376,1504.87,32.180851063829785,9.369411842703808,2.834995548855152
0.02,SUIUSDT,0.0002,610,9981.89,41.80327868852459,4.404157902288134,4.1261051398840936
0.02,XRPUSDT,0.0002,594,13621.01,46.12794612794613,3.557538423024315,4.269285485930093
0.04,ADAUSDT,0.0001,612,11839.36,41.01307189542484,2.733196040329709,4.556714241933365
0.04,APTUSDT,0.0003,650,18241.76,52.92307692307693,1.281685373729618,4.510009136712931
0.04,ATOMUSDT,0.0005,733,27258.41,48.158253751705324,2.7833658815871165,6.3948399234754785
0.04,AVAXUSDT,0.0023,611,12263.23,43.207855973813416,2.4973270259737346,4.709094930092024
0.04,BNBUSDT,0.1008,596,14266.49,45.97315436241611,2.923213039868729,4.418255122027259
0.04,BTCUSDT,11.0572,508,12726.71,42.71653543307087,3.187417719111184,5.024243820152981
0.04,DOTUSDT,0.0004,622,16545.35,47.10610932475884,3.326295451602924,5.039976550405835
0.04,ETHUSDT,0.4628,462,6596.5,42.857142857142854,3.073024116883286,3.63121456749484
0.04,LINKUSDT,0.0023,543,3894.2599999999998,36.279926335174956,4.687198442943362,3.0867482091914398
0.04,NEARUSDT,0.0004,803,20576.52,49.93773349937734,2.2491626978518253,4.355431637407359
0.04,SOLUSDT,0.0218,390,886.97,30.0,11.817280939131736,2.7815912973896495
0.04,SUIUSDT,0.0003,616,10158.84,42.04545454545455,4.493834803520388,4.112047801828182
0.04,XRPUSDT,0.0003,605,13569.17,45.78512396694215,3.557538423024315,4.2276577245672575
0.06,ADAUSDT,0.0001,626,11470.68,40.73482428115016,2.7187036474087938,4.446311837991448
0.06,APTUSDT,0.0005,650,18241.76,52.92307692307693,1.281685373729618,4.510009136712931
0.06,ATOMUSDT,0.0007,727,27234.05,48.28060522696011,1.8071143424076466,6.4527188958108015
0.06,AVAXUSDT,0.0035,611,12263.23,43.207855973813416,2.4973270259737346,4.709094930092024
0.06,BNBUSDT,0.1512,603,14585.86,46.60033167495854,2.923213039868729,4.370405415481148
0.06,BTCUSDT,16.5857,525,12771.14,42.66666666666667,3.3103848104935,4.847309835864772
0.06,DOTUSDT,0.0006,623,16515.35,47.03049759229535,3.326295451602924,5.023525293551392
0.06,ETHUSDT,0.6942,461,6695.79,43.16702819956616,3.053131218096869,3.6012053737823
0.06,LINKUSDT,0.0035,543,3894.2599999999998,36.279926335174956,4.687198442943362,3.0867482091914398
0.06,NEARUSDT,0.0005,810,20514.13,49.75308641975308,2.2491626978518253,4.323082160838566
0.06,SOLUSDT,0.0326,389,744.5,29.562982005141386,13.422456835766269,2.7667508229924485
0.06,SUIUSDT,0.0005,618,10441.3,42.23300970873786,4.0924796271620165,4.1488343922442334
0.06,XRPUSDT,0.0005,608,13079.9,45.23026315789473,3.557538423024315,4.16066523801302
0.08,ADAUSDT,0.0001,628,11165.75,40.12738853503185,3.6580893537235823,4.433745273285454
0.08,APTUSDT,0.0007,650,18241.76,52.92307692307693,1.281685373729618,4.510009136712931
0.08,ATOMUSDT,0.0009,742,27784.24,48.517520215633425,1.7232884789310943,6.32467228380847
0.08,AVAXUSDT,0.0046,612,12233.23,43.13725490196079,2.5031920081978467,4.693011998675694
0.08,BNBUSDT,0.2017,613,14704.19,45.840130505709624,3.4615036712033462,4.398102886371449
0.08,BTCUSDT,22.1143,540,12538.68,42.77777777777778,3.4956924865028736,4.649531419832907
0.08,DOTUSDT,0.0008,621,16019.13,46.3768115942029,3.326295451602924,5.005323583494359
0.08,ETHUSDT,0.9255,470,6758.21,42.5531914893617,3.080284762550479,3.6567662899188345
0.08,LINKUSDT,0.0046,543,3894.2599999999998,36.095764272559855,4.687198442943362,3.119335108581203
0.08,NEARUSDT,0.0007,811,20473.63,49.56843403205919,2.2491626978518253,4.33263926250818
0.08,SOLUSDT,0.0435,402,539.84,28.855721393034827,14.686892556313595,2.739666224580018
0.08,SUIUSDT,0.0006,615,10212.68,41.6260162601626,3.9240962889738045,4.189835630036202
0.08,XRPUSDT,0.0007,610,12608.85,44.75409836065574,3.557538423024315,4.08305945262467
0.1,ADAUSDT,0.0002,604,10294.9,40.2317880794702,3.9324717340349,4.2032772190038425
0.1,APTUSDT,0.0008,648,18351.47,53.39506172839506,1.4757131714764757,4.410246473682095
0.1,ATOMUSDT,0.0011,747,26044.69,48.32663989290496,2.9217945320477137,5.961431077742891
0.1,AVAXUSDT,0.0058,612,12264.96,43.13725490196079,2.49698965001851,4.724456958970234
0.1,BNBUSDT,0.2521,609,14622.72,45.97701149425287,3.197054834334432,4.379133098355153
0.1,BTCUSDT,27.6429,546,12334.71,42.67399267399267,3.379022269019866,4.5579066943847835
0.1,DOTUSDT,0.001,614,15488.63,45.60260586319218,3.326295451602924,5.014084975140252
0.1,ETHUSDT,1.1569,464,6866.93,42.456896551724135,2.6952603846136585,3.6757545862989724
0.1,LINKUSDT,0.0058,538,3984.2599999999998,36.43122676579926,4.652952541767468,3.129494350168818
0.1,NEARUSDT,0.0009,804,20793.55,50.0,2.236223729739489,4.36999222092571
0.1,SOLUSDT,0.0544,407,885.63,29.72972972972973,14.004872181961744,2.793547087910858
0.1,SUIUSDT,0.0008,628,10709.32,42.038216560509554,4.187008549871472,4.159577127204247
0.1,XRPUSDT,0.0008,617,12694.44,44.570502431118314,3.8555645956827984,4.106022337916611
0.12,ADAUSDT,0.0002,597,8669.09,39.028475711892796,4.5695664486993675,3.90250158874828
0.12,APTUSDT,0.001,644,17662.15,53.41614906832298,1.4005622873589407,4.3387393314031995
0.12,ATOMUSDT,0.0014,754,25977.83,48.01061007957559,3.4777444001949367,5.89674086750059
0.12,AVAXUSDT,0.0069,613,12304.69,43.2300163132137,2.5154589145102535,4.724785499413776
0.12,BNBUSDT,0.3025,630,15905.77,46.19047619047619,2.2610473359680823,4.590404726796406
0.12,BTCUSDT,33.1715,541,12750.8,42.513863216266174,3.31163607401432,4.703436430472809
0.12,DOTUSDT,0.0012,605,13921.51,44.95867768595041,3.326295451602924,4.691122411441696
0.12,ETHUSDT,1.3883,452,6601.36,40.707964601769916,3.140880740880737,3.808723097347392
0.12,LINKUSDT,0.0069,533,3809.28,36.210131332082554,4.731689839695805,3.1030788561514364
0.12,NEARUSDT,0.0011,793,18627.05,48.17150063051702,2.2403181337167513,4.267987829207651
0.12,SOLUSDT,0.0653,413,1642.74,29.055690072639223,13.998652360075726,3.2469862423039126
0.12,SUIUSDT,0.0009,625,10588.960000000001,42.08,4.221350747812299,4.071474705526745
0.12,XRPUSDT,0.001,618,12357.26,44.336569579288025,3.8555645956827984,4.066814625201248
0.14,ADAUSDT,0.0002,591,9047.59,39.93231810490694,4.683889212468566,3.9267131985438537
0.14,APTUSDT,0.0011,641,15439.69,52.418096723868956,1.858653773983163,3.93680785819255
0.14,ATOMUSDT,0.0016,741,25362.14,47.50337381916329,3.731014594237716,5.96745261652798
0.14,AVAXUSDT,0.0081,607,11857.94,43.32784184514003,2.9305425981411504,4.623710715429321
0.14,BNBUSDT,0.3529,649,15879.2,45.91679506933744,3.6639903683644772,4.506046072686155
0.14,BTCUSDT,38.7001,536,12847.93,43.09701492537313,3.439681130490367,4.6324250892600425
0.14,DOTUSDT,0.0014,613,16121.43,46.00326264274062,3.328187712256854,5.001258196132294
0.14,ETHUSDT,1.6197,441,5782.2,39.682539682539684,3.1563150727593623,3.665410868609931
0.14,LINKUSDT,0.0081,529,4080.59,36.672967863894144,4.639269968181713,3.133439031527944
0.14,NEARUSDT,0.0012,782,18227.57,47.69820971867008,2.208339805685308,4.273583863581448
0.14,SOLUSDT,0.0762,407,1516.68,28.992628992628994,15.95622729056139,3.196454274089673
0.14,SUIUSDT,0.0011,614,10498.47,41.530944625407166,4.2428433839221835,4.1462897688258185
0.14,XRPUSDT,0.0012,622,12432.960000000001,43.89067524115756,3.8555645956827984,4.112474860683226
0.16,ADAUSDT,0.0003,581,9129.98,40.963855421686745,4.468302252913341,3.860788208033959
0.16,APTUSDT,0.0013,635,14968.89,52.75590551181102,2.102488057238059,3.8193446820728516
0.16,ATOMUSDT,0.0018,718,21057.97,46.10027855153203,3.8776964987469618,5.473668574926943
0.16,AVAXUSDT,0.0092,584,10976.21,42.63698630136986,3.3097328044669445,4.641268973039607
0.16,BNBUSDT,0.4033,662,16067.91,45.61933534743202,4.078270898748864,4.50249400278691
0.16,BTCUSDT,44.2286,533,13424.87,43.71482176360225,3.4429241682475684,4.706033027044534
0.16,DOTUSDT,0.0016,613,16088.36,44.208809135399676,5.112191138244556,5.212901688904817
0.16,ETHUSDT,1.8511,436,5455.15,39.908256880733944,3.318900295296069,3.493044796466541
0.16,LINKUSDT,0.0093,523,4071.91,36.32887189292543,4.6773298514770705,3.1469080991358163
0.16,NEARUSDT,0.0014,768,17139.74,47.52604166666667,1.9079152368652523,4.1828228217787355
0.16,SOLUSDT,0.087,402,1656.21,29.850746268656714,15.229439961788415,3.149842854501756
0.16,SUIUSDT,0.0012,617,10813.42,41.81523500810373,4.2428433839221835,4.180841977735812
0.16,XRPUSDT,0.0013,613,12440.83,44.37194127243067,3.8555645956827984,4.048473452586452
0.18,ADAUSDT,0.0003,578,8233.37,41.003460207612456,4.498976208739315,3.629373137067368
0.18,APTUSDT,0.0015,619,14890.26,52.18093699515347,2.0821109726768525,3.9133796026291208
0.18,ATOMUSDT,0.002,713,20612.62,45.72230014025245,5.61874646026053,5.447678286130662
0.18,AVAXUSDT,0.0104,569,10343.38,41.476274165202106,3.208119350754784,4.742625011753317
0.18,BNBUSDT,0.4537,654,14131.41,45.56574923547401,4.574933760611568,4.145902316205341
0.18,BTCUSDT,49.7572,540,13310.09,44.62962962962963,3.4451358777592644,4.492834865459613
0.18,DOTUSDT,0.0018,614,15753.32,44.462540716612374,5.599796830961337,5.01332402606288
0.18,ETHUSDT,2.0825,422,4931.14,39.09952606635071,2.840667970079106,3.4354861509328285
0.18,LINKUSDT,0.0104,508,3568.9,34.84251968503937,4.875156824802774,3.163782333740124
0.18,NEARUSDT,0.0016,766,16007.27,46.73629242819843,1.9079152368652523,4.044857158872218
0.18,SOLUSDT,0.0979,395,1780.84,30.126582278481013,13.095051261493301,3.1848855666433975
0.18,SUIUSDT,0.0014,625,11066.97,41.92,4.2596513049441915,4.218229982458234
0.18,XRPUSDT,0.0015,599,12060.24,45.07512520868113,2.9614860777073497,3.9489126665675927
0.2,ADAUSDT,0.0004,569,7322.2300000000005,39.894551845342704,4.482713099413658,3.436885080994832
0.2,APTUSDT,0.0016,616,14573.7,52.27272727272727,2.3257201944618435,3.8401694025289874
0.2,ATOMUSDT,0.0023,700,19843.05,45.57142857142858,5.61189959739471,5.3976107769211215
0.2,AVAXUSDT,0.0115,552,10494.15,42.391304347826086,3.220160091867071,4.753304916543991
0.2,BNBUSDT,0.5042,643,13645.73,44.47900466562986,4.633707586378017,4.213998798276679
0.2,BTCUSDT,55.2858,548,13092.96,44.34306569343065,3.482764500913234,4.453866911941557
0.2,DOTUSDT,0.002,614,14871.41,43.811074918566774,4.029419673535206,4.926450506492261
0.2,ETHUSDT,2.3138,417,4854.7,38.84892086330935,2.8495695507444974,3.473810549809952
0.2,LINKUSDT,0.0116,494,3595.98,35.020242914979754,5.119008414959891,3.179217243124463
0.2,NEARUSDT,0.0018,756,15945.46,46.56084656084656,1.9079152368652523,4.163859658191887
0.2,SOLUSDT,0.1088,392,1538.23,29.081632653061224,13.773221200593625,3.226826596451433
0.2,SUIUSDT,0.0015,616,9589.32,40.0974025974026,4.250966882417419,4.077381559999072
0.2,XRPUSDT,0.0017,577,11478.84,43.84748700173311,2.9614860777073497,4.083769235795178
0.22,ADAUSDT,0.0004,551,6853.27,38.83847549909255,4.397322109372623,3.486462579324026
0.22,APTUSDT,0.0018,609,13897.37,51.88834154351396,2.550589540576891,3.7462877312560856
0.22,ATOMUSDT,0.0025,689,19218.79,45.573294629898406,5.690617180025242,5.33391675807447
0.22,AVAXUSDT,0.0127,543,9745.48,41.62062615101289,3.2203613100656545,4.7669344251904295
0.22,BNBUSDT,0.5546,636,13297.66,44.49685534591195,4.615246493047878,4.17784181866806
0.22,BTCUSDT,60.8144,544,12572.01,44.11764705882353,3.5764872155407303,4.39744058500914
0.22,DOTUSDT,0.0022,613,15983.69,44.04567699836868,4.218844924259748,5.186347480123149
0.22,ETHUSDT,2.5452,415,4328.54,36.144578313253014,3.3695225818491594,3.644059017037364
0.22,LINKUSDT,0.0127,459,2348.04,34.20479302832244,7.7802654505165325,2.8524799899409423
0.22,NEARUSDT,0.0019,740,15932.22,46.62162162162162,1.9079152368652523,4.1868018559890015
0.22,SOLUSDT,0.1197,392,1508.79,28.57142857142857,14.528326026509259,3.282465310186049
0.22,SUIUSDT,0.0017,609,8929.4,39.737274220032845,4.126406692041332,3.969114584713325
0.22,XRPUSDT,0.0018,571,10208.38,41.68126094570928,3.601745638635313,4.0359391555503645
0.24,ADAUSDT,0.0004,539,6683.3,38.218923933209645,4.434780769800125,3.593623513344517
0.24,APTUSDT,0.002,589,13142.27,50.59422750424448,2.42003909301755,3.8443659484281163
0.24,ATOMUSDT,0.0027,683,18435.26,45.68081991215227,5.882841171588274,5.159928460660678
0.24,AVAXUSDT,0.0138,516,7497.86,39.922480620155035,3.1871028343545653,4.408384560153854
0.24,BNBUSDT,0.605,630,12426.22,44.285714285714285,4.33174466604151,4.06329713989029
0.24,BTCUSDT,66.343,532,12208.1,44.3609022556391,3.668181035510388,4.358482203595973
0.24,DOTUSDT,0.0024,611,16055.98,43.862520458265145,4.320728221573729,5.282019842951384
0.24,ETHUSDT,2.7766,400,3854.09,35.75,3.1920072139363027,3.495655282562234
0.24,LINKUSDT,0.0139,441,2517.02,34.69387755102041,7.01210515485957,2.8609665427509294
0.24,NEARUSDT,0.0021,726,14918.09,46.69421487603306,1.9079152368652523,3.9738712839807113
0.24,SOLUSDT,0.1305,386,1415.81,28.497409326424872,14.47830689094294,3.260274762335768
0.24,SUIUSDT,0.0018,599,8567.18,40.06677796327212,4.31104156563966,3.8347057213249385
0.24,XRPUSDT,0.002,543,9880.49,42.35727440147329,4.225713102124618,3.9028828540082103
0.26,ADAUSDT,0.0005,515,4663.02,36.699029126213595,4.7143034147439185,3.231327818412627
0.26,APTUSDT,0.0021,575,11288.42,48.869565217391305,2.6710706711178926,3.6275493845166564
0.26,ATOMUSDT,0.0029,688,18435.31,44.33139534883721,5.882841171588274,5.3765314742368115
0.26,AVAXUSDT,0.015,502,6287.65,39.04382470119522,2.925323777902853,4.07871249122774
0.26,BNBUSDT,0.6554,624,12222.85,44.07051282051282,4.331665102196476,4.082816762059293
0.26,BTCUSDT,71.8715,517,11474.68,43.520309477756285,3.7247446218337137,4.411581646875175
0.26,DOTUSDT,0.0027,609,14344.46,42.20032840722496,4.320728221573729,5.034208284521944
0.26,ETHUSDT,3.008,391,3323.71,35.294117647058826,4.0391383530548,3.327754891864058
0.26,LINKUSDT,0.0151,432,2320.82,34.9537037037037,7.4437954681996255,2.7663537354807173
0.26,NEARUSDT,0.0023,712,13961.45,45.78651685393258,1.9079152368652523,3.9436081215366734
0.26,SOLUSDT,0.1414,373,1161.06,28.418230563002684,14.027034730071804,3.1463174062427206
0.26,SUIUSDT,0.002,582,8096.28,40.72164948453608,4.108141247567241,3.7175983617906625
0.26,XRPUSDT,0.0022,535,8385.13,41.308411214953274,4.421615639618805,3.6847718883407308
0.28,ADAUSDT,0.0005,498,4459.11,36.34538152610442,4.8713268546887685,3.228037913961097
0.28,APTUSDT,0.0023,566,10206.01,48.23321554770318,2.855649669579658,3.469531234596221
0.28,ATOMUSDT,0.0032,663,18066.6,43.13725490196079,5.915546053839009,5.565021909027686
0.28,AVAXUSDT,0.0161,492,5763.96,38.00813008130081,3.01239443720852,4.12802610269885
0.28,BNBUSDT,0.7058,614,12330.7,44.13680781758957,4.336725311694871,4.187429254950754
0.28,BTCUSDT,77.4001,505,10580.72,42.17821782178218,3.838430921600485,4.375084003024107
0.28,DOTUSDT,0.0029,597,11458.07,39.86599664991625,5.470824328496411,4.5768611310750735
0.28,ETHUSDT,3.2394,380,2697.24,34.21052631578947,3.9373178990471684,3.1561279564702267
0.28,LINKUSDT,0.0162,420,1938.36,33.57142857142857,7.666834538526617,2.795670469650881
0.28,NEARUSDT,0.0025,700,13495.15,45.42857142857143,1.9079918902260282,3.8442367083677147
0.28,SOLUSDT,0.1523,371,584.13,27.49326145552561,15.09396082436838,2.966890623369209
0.28,SUIUSDT,0.0022,560,7699.07,40.89285714285714,4.195455386789176,3.633143476411076
0.28,XRPUSDT,0.0023,518,7046.37,41.6988416988417,4.745295668038125,3.32863458850881
0.3,ADAUSDT,0.0005,487,3955.28,35.52361396303901,5.0621688621008065,3.1858410479134616
0.3,APTUSDT,0.0025,563,8993.58,47.246891651865006,3.4519057389790477,3.27153016501452
0.3,ATOMUSDT,0.0034,639,16344.95,41.94053208137715,5.933204312416346,5.543802949185245
0.3,AVAXUSDT,0.0173,483,5729.28,37.88819875776397,2.7599192079420867,4.206489905472591
0.3,BNBUSDT,0.7562,611,12041.51,44.51718494271686,4.336725311694871,4.0504816094038505
0.3,BTCUSDT,82.9287,492,10158.0,41.05691056910569,3.9192037109270736,4.432327162938819
0.3,DOTUSDT,0.0031,591,10870.05,39.59390862944163,7.120576840721407,4.423311440555531
0.3,ETHUSDT,3.4708,373,2493.4,35.388739946380696,3.348877707358321,2.953610940346468
0.3,LINKUSDT,0.0174,405,1638.07,33.58024691358025,7.511367149503488,2.7016977722957605
0.3,NEARUSDT,0.0026,683,12669.25,43.92386530014642,1.9079918902260282,3.969754017819969
0.3,SOLUSDT,0.1632,362,172.72,28.176795580110497,15.093257756678438,2.644771432976908
0.3,SUIUSDT,0.0023,548,7106.47,41.058394160583944,4.287230216625887,3.503684423903348
0.3,XRPUSDT,0.0025,506,6887.57,42.094861660079054,5.758198236362581,3.2825070037062107
