symbol,bucket_low,bucket_high,n,pf,sharpe,max_dd_pct,old_mult,new_mult,delta
AAVEUSDT,0.0,1.0,481,1.164,0.0722,16.297,0.0,0.0,0.0
AAVEUSDT,1.0,1.5,1127,2.409,0.2485,4.605,0.8,0.8,0.0
AAVEUSDT,1.5,2.0,928,2.503,0.2553,2.812,1.0,1.0,0.0
AAVEUSDT,2.0,3.0,1057,2.899,0.3195,1.496,1.2,1.2,0.0
AAVEUSDT,3.0,5.0,698,4.217,0.3756,2.132,1.5,1.5,0.0
AAVEUSDT,5.0,999.0,243,8.371,0.4324,1.244,1.5,1.5,0.0
ADAUSDT,0.0,1.0,0,0.0,0.0,0.0,0.0,0.0,0.0
ADAUSDT,1.0,1.5,1049,1.851,0.1868,3.662,0.8,0.8,0.0
ADAUSDT,1.5,2.0,909,2.361,0.2496,2.393,1.0,1.0,0.0
ADAUSDT,2.0,3.0,1037,3.241,0.3116,1.793,1.2,1.2,0.0
ADAUSDT,3.0,5.0,577,2.885,0.2945,2.312,1.0,1.0,0.0
ADAUSDT,5.0,999.0,169,8.07,0.4676,1.513,1.5,1.5,0.0
ALGOUSDT,0.0,1.0,451,1.187,0.0385,22.056,0.0,0.0,0.0
ALGOUSDT,1.0,1.5,872,2.061,0.2186,2.93,0.8,0.8,0.0
ALGOUSDT,1.5,2.0,886,3.187,0.3467,1.824,1.2,1.2,0.0
ALGOUSDT,2.0,3.0,1038,3.308,0.2874,1.964,1.2,1.2,0.0
ALGOUSDT,3.0,5.0,715,3.734,0.2986,1.686,1.2,1.2,0.0
ALGOUSDT,5.0,999.0,214,4.618,0.4248,2.067,1.5,1.5,0.0
APTUSDT,0.0,1.0,140,3.119,0.2798,2.716,1.0,1.0,0.0
APTUSDT,1.0,1.5,577,1.504,0.1444,3.624,0.5,0.5,0.0
APTUSDT,1.5,2.0,859,1.797,0.2074,2.47,0.8,0.8,0.0
APTUSDT,2.0,3.0,1087,2.669,0.2802,2.089,1.0,1.0,0.0
APTUSDT,3.0,5.0,812,4.203,0.3714,0.824,1.5,1.5,0.0
APTUSDT,5.0,999.0,360,4.119,0.375,2.154,1.5,1.5,0.0
ARBUSDT,0.0,1.0,373,1.482,0.1408,4.308,0.5,0.5,0.0
ARBUSDT,1.0,1.5,1185,2.094,0.2382,2.704,1.0,1.0,0.0
ARBUSDT,1.5,2.0,888,2.955,0.303,1.36,1.2,1.2,0.0
ARBUSDT,2.0,3.0,1247,3.135,0.3001,2.185,1.2,1.2,0.0
ARBUSDT,3.0,5.0,735,3.852,0.3452,1.41,1.5,1.5,0.0
ARBUSDT,5.0,999.0,241,11.726,0.3327,1.392,1.5,1.5,0.0
ATOMUSDT,0.0,1.0,997,1.879,0.1572,3.721,0.8,0.8,0.0
ATOMUSDT,1.0,1.5,1177,1.566,0.1497,5.059,0.5,0.5,0.0
ATOMUSDT,1.5,2.0,1053,2.791,0.2842,1.641,1.2,1.2,0.0
ATOMUSDT,2.0,3.0,872,3.114,0.2869,1.824,1.2,1.2,0.0
ATOMUSDT,3.0,5.0,416,4.343,0.3553,1.85,1.5,1.5,0.0
ATOMUSDT,5.0,999.0,95,4.888,0.3795,2.087,1.0,1.0,0.0
AVAXUSDT,0.0,1.0,0,0.0,0.0,0.0,0.0,0.0,0.0
AVAXUSDT,1.0,1.5,749,2.345,0.2755,3.031,1.0,1.0,0.0
AVAXUSDT,1.5,2.0,898,1.643,0.1659,3.235,0.8,0.8,0.0
AVAXUSDT,2.0,3.0,1000,3.004,0.281,2.814,1.0,1.0,0.0
AVAXUSDT,3.0,5.0,717,2.74,0.2969,1.933,1.0,1.0,0.0
AVAXUSDT,5.0,999.0,358,4.345,0.2832,3.172,1.2,1.2,0.0
BNBUSDT,0.0,1.0,1216,0.913,-0.034,42.501,0.0,0.0,0.0
BNBUSDT,1.0,1.5,1017,2.079,0.2199,4.275,0.8,0.8,0.0
BNBUSDT,1.5,2.0,484,2.528,0.258,4.112,0.8,0.8,0.0
BNBUSDT,2.0,3.0,571,3.483,0.3259,3.082,1.2,1.2,0.0
BNBUSDT,3.0,5.0,292,5.934,0.4831,1.605,1.5,1.5,0.0
BNBUSDT,5.0,999.0,51,7.157,0.6395,1.376,1.0,1.0,0.0
DOGEUSDT,0.0,1.0,0,0.0,0.0,0.0,0.0,0.0,0.0
DOGEUSDT,1.0,1.5,712,1.948,0.1942,3.435,0.8,0.8,0.0
DOGEUSDT,1.5,2.0,699,1.551,0.1589,2.894,0.5,0.5,0.0
DOGEUSDT,2.0,3.0,824,2.298,0.2556,2.677,1.0,1.0,0.0
DOGEUSDT,3.0,5.0,696,5.227,0.416,1.405,1.5,1.5,0.0
DOGEUSDT,5.0,999.0,355,9.562,0.4433,1.291,1.5,1.5,0.0
DOTUSDT,0.0,1.0,820,1.621,0.1513,4.97,0.5,0.5,0.0
DOTUSDT,1.0,1.5,1123,2.296,0.2424,3.246,1.0,1.0,0.0
DOTUSDT,1.5,2.0,984,2.166,0.2094,3.971,0.8,0.8,0.0
DOTUSDT,2.0,3.0,1093,2.997,0.3118,1.743,1.2,1.2,0.0
DOTUSDT,3.0,5.0,475,3.548,0.2879,1.855,1.2,1.2,0.0
DOTUSDT,5.0,999.0,188,4.992,0.4262,4.311,1.2,1.2,0.0
DYDXUSDT,0.0,1.0,360,2.846,0.2655,5.842,1.0,1.0,0.0
DYDXUSDT,1.0,1.5,806,2.222,0.2737,2.509,1.0,1.0,0.0
DYDXUSDT,1.5,2.0,973,2.425,0.2511,1.897,1.0,1.0,0.0
DYDXUSDT,2.0,3.0,1397,2.981,0.3118,1.474,1.2,1.2,0.0
DYDXUSDT,3.0,5.0,1023,4.614,0.363,1.004,1.5,1.5,0.0
DYDXUSDT,5.0,999.0,294,8.09,0.4002,0.891,1.5,1.5,0.0
ENAUSDT,0.0,1.0,135,1.942,0.2728,2.503,0.8,0.8,0.0
ENAUSDT,1.0,1.5,390,2.009,0.1962,2.665,0.8,0.8,0.0
ENAUSDT,1.5,2.0,600,1.982,0.242,2.603,0.8,0.8,0.0
ENAUSDT,2.0,3.0,1079,3.849,0.3667,1.208,1.5,1.5,0.0
ENAUSDT,3.0,5.0,1068,4.377,0.3601,0.792,1.5,1.5,0.0
ENAUSDT,5.0,999.0,580,6.02,0.3634,0.739,1.5,1.5,0.0
GMXUSDT,0.0,1.0,620,2.088,0.2007,3.784,0.8,0.8,0.0
GMXUSDT,1.0,1.5,1218,2.963,0.2874,1.872,1.2,1.2,0.0
GMXUSDT,1.5,2.0,919,3.974,0.3216,0.986,1.5,1.5,0.0
GMXUSDT,2.0,3.0,1287,4.298,0.3084,0.837,1.5,1.5,0.0
GMXUSDT,3.0,5.0,566,4.158,0.2814,1.897,1.2,1.2,0.0
GMXUSDT,5.0,999.0,173,8.911,0.4218,0.927,1.5,1.5,0.0
INJUSDT,0.0,1.0,244,1.045,0.0341,3.885,0.0,0.0,0.0
INJUSDT,1.0,1.5,852,1.804,0.188,3.713,0.8,0.8,0.0
INJUSDT,1.5,2.0,825,2.445,0.2691,2.699,1.0,1.0,0.0
INJUSDT,2.0,3.0,1218,1.998,0.2264,1.564,1.0,1.0,0.0
INJUSDT,3.0,5.0,947,3.951,0.397,1.049,1.5,1.5,0.0
INJUSDT,5.0,999.0,272,4.367,0.4036,1.931,1.5,1.5,0.0
LDOUSDT,0.0,1.0,0,0.0,0.0,0.0,0.0,0.0,0.0
LDOUSDT,1.0,1.5,414,1.935,0.2017,2.124,0.8,0.8,0.0
LDOUSDT,1.5,2.0,763,1.909,0.187,4.783,0.8,0.8,0.0
LDOUSDT,2.0,3.0,1019,4.023,0.3694,1.216,1.5,1.5,0.0
LDOUSDT,3.0,5.0,953,4.177,0.3518,1.535,1.5,1.5,0.0
LDOUSDT,5.0,999.0,629,8.788,0.371,0.768,1.5,1.5,0.0
LINKUSDT,0.0,1.0,424,1.672,0.1817,4.054,0.5,0.5,0.0
LINKUSDT,1.0,1.5,801,1.488,0.1332,3.203,0.5,0.5,0.0
LINKUSDT,1.5,2.0,943,2.234,0.2759,4.644,0.8,0.8,0.0
LINKUSDT,2.0,3.0,1014,2.525,0.2898,3.622,1.0,1.0,0.0
LINKUSDT,3.0,5.0,686,3.108,0.3438,2.952,1.2,1.2,0.0
LINKUSDT,5.0,999.0,226,4.631,0.4543,2.242,1.5,1.5,0.0
NEARUSDT,0.0,1.0,307,2.491,0.23,3.712,0.8,0.8,0.0
NEARUSDT,1.0,1.5,942,1.381,0.1211,5.095,0.5,0.5,0.0
NEARUSDT,1.5,2.0,900,2.458,0.2453,3.417,1.0,1.0,0.0
NEARUSDT,2.0,3.0,1293,2.437,0.2592,2.055,1.0,1.0,0.0
NEARUSDT,3.0,5.0,894,3.189,0.2948,1.46,1.2,1.2,0.0
NEARUSDT,5.0,999.0,316,5.869,0.3835,1.465,1.5,1.5,0.0
ONDOUSDT,0.0,1.0,351,2.107,0.1847,2.52,0.8,0.8,0.0
ONDOUSDT,1.0,1.5,574,2.955,0.2966,2.86,1.0,1.0,0.0
ONDOUSDT,1.5,2.0,359,2.5,0.2688,3.019,0.8,0.8,0.0
ONDOUSDT,2.0,3.0,508,3.121,0.2968,2.589,1.0,1.0,0.0
ONDOUSDT,3.0,5.0,229,2.535,0.2669,2.876,0.8,0.8,0.0
ONDOUSDT,5.0,999.0,105,3.418,0.4015,1.938,1.2,1.2,0.0
OPUSDT,0.0,1.0,309,2.026,0.2342,3.117,0.8,0.8,0.0
OPUSDT,1.0,1.5,962,1.972,0.2088,3.155,0.8,0.8,0.0
OPUSDT,1.5,2.0,964,3.237,0.3292,1.349,1.2,1.2,0.0
OPUSDT,2.0,3.0,1073,3.27,0.3295,1.428,1.2,1.2,0.0
OPUSDT,3.0,5.0,989,2.822,0.2753,1.694,1.2,1.2,0.0
OPUSDT,5.0,999.0,215,5.421,0.439,1.365,1.5,1.5,0.0
PYTHUSDT,0.0,1.0,140,1.899,0.2281,3.325,0.5,0.5,0.0
PYTHUSDT,1.0,1.5,600,3.677,0.3175,2.031,1.2,1.2,0.0
PYTHUSDT,1.5,2.0,670,3.819,0.3459,2.055,1.5,1.5,0.0
PYTHUSDT,2.0,3.0,1409,3.373,0.3149,1.451,1.2,1.2,0.0
PYTHUSDT,3.0,5.0,863,4.289,0.3789,1.318,1.5,1.5,0.0
PYTHUSDT,5.0,999.0,388,7.041,0.3974,0.955,1.5,1.5,0.0
RENDERUSDT,0.0,1.0,243,2.152,0.2369,4.505,0.8,0.8,0.0
RENDERUSDT,1.0,1.5,500,1.849,0.1838,3.796,0.5,0.5,0.0
RENDERUSDT,1.5,2.0,752,2.601,0.2625,2.845,1.0,1.0,0.0
RENDERUSDT,2.0,3.0,998,3.209,0.3407,1.324,1.2,1.2,0.0
RENDERUSDT,3.0,5.0,772,5.019,0.4109,1.143,1.5,1.5,0.0
RENDERUSDT,5.0,999.0,261,7.198,0.3526,1.096,1.5,1.5,0.0
SEIUSDT,0.0,1.0,120,2.33,0.2662,3.393,0.8,0.8,0.0
SEIUSDT,1.0,1.5,500,1.833,0.2063,3.902,0.5,0.5,0.0
SEIUSDT,1.5,2.0,545,2.271,0.233,2.686,0.8,0.8,0.0
SEIUSDT,2.0,3.0,1050,4.057,0.3403,1.022,1.5,1.5,0.0
SEIUSDT,3.0,5.0,1038,4.022,0.3822,1.211,1.5,1.5,0.0
SEIUSDT,5.0,999.0,493,6.835,0.4146,1.064,1.5,1.5,0.0
SOLUSDT,0.0,1.0,0,0.0,0.0,0.0,0.0,0.0,0.0
SOLUSDT,1.0,1.5,561,1.409,0.132,4.969,0.5,0.5,0.0
SOLUSDT,1.5,2.0,767,1.797,0.1846,3.032,0.8,0.8,0.0
SOLUSDT,2.0,3.0,1009,2.374,0.2666,2.737,1.0,1.0,0.0
SOLUSDT,3.0,5.0,698,4.371,0.3674,1.136,1.5,1.5,0.0
SOLUSDT,5.0,999.0,238,4.046,0.3423,1.788,1.5,1.5,0.0
STRKUSDT,0.0,1.0,0,0.0,0.0,0.0,0.0,0.0,0.0
STRKUSDT,1.0,1.5,251,2.286,0.2583,2.996,0.8,0.8,0.0
STRKUSDT,1.5,2.0,636,2.375,0.2335,3.038,0.8,0.8,0.0
STRKUSDT,2.0,3.0,1122,3.266,0.309,1.444,1.2,1.2,0.0
STRKUSDT,3.0,5.0,994,3.422,0.3626,1.669,1.5,1.5,0.0
STRKUSDT,5.0,999.0,619,6.74,0.3801,1.193,1.5,1.5,0.0
SUIUSDT,1.0,1.5,809,2.045,0.1699,2.794,0.8,0.8,0.0
SUIUSDT,1.5,2.0,720,2.215,0.248,1.808,1.0,1.0,0.0
SUIUSDT,2.0,3.0,1117,2.126,0.2234,2.276,1.0,1.0,0.0
SUIUSDT,3.0,5.0,936,2.887,0.2993,2.24,1.2,1.2,0.0
SUIUSDT,5.0,999.0,409,6.321,0.3822,1.044,1.5,1.5,0.0
TIAUSDT,0.0,1.0,44,3.054,0.3182,3.251,1.0,1.0,0.0
TIAUSDT,1.0,1.5,317,2.091,0.2453,2.816,0.8,0.8,0.0
TIAUSDT,1.5,2.0,538,3.178,0.3502,1.868,1.2,1.2,0.0
TIAUSDT,2.0,3.0,1208,3.099,0.3201,1.464,1.2,1.2,0.0
TIAUSDT,3.0,5.0,1075,3.996,0.3774,1.328,1.5,1.5,0.0
TIAUSDT,5.0,999.0,800,6.544,0.436,0.847,1.5,1.5,0.0
UNIUSDT,0.0,1.0,0,0.0,0.0,0.0,0.0,0.0,0.0
UNIUSDT,1.0,1.5,1033,1.653,0.1542,4.891,0.5,0.5,0.0
UNIUSDT,1.5,2.0,921,2.463,0.2575,1.746,1.0,1.0,0.0
UNIUSDT,2.0,3.0,1196,3.422,0.3386,1.849,1.2,1.2,0.0
UNIUSDT,3.0,5.0,612,2.823,0.3415,1.914,1.2,1.2,0.0
UNIUSDT,5.0,999.0,299,3.509,0.3188,2.988,1.2,1.2,0.0
XRPUSDT,0.0,1.0,1061,0.972,-0.0134,27.159,0.0,0.0,0.0
XRPUSDT,1.0,1.5,945,1.593,0.1528,5.166,0.5,0.5,0.0
XRPUSDT,1.5,2.0,569,1.289,0.0825,9.536,0.0,0.0,0.0
XRPUSDT,2.0,3.0,712,3.016,0.2687,3.611,1.0,1.0,0.0
XRPUSDT,3.0,5.0,429,3.806,0.347,2.182,1.2,1.2,0.0
XRPUSDT,5.0,999.0,159,3.716,0.4021,2.696,1.2,1.2,0.0
